996.李化禹.EZ,51.0,77.0,184.0,80.0,392.0
996.李化禹.HD,170.0,89.0,134.0,60.0,453.0
996.李化禹.IN,490.0,37.0,262.0,207.0,996.0
AbsoluTedisoRdeR.AcuteDisarray.AT,1388.0,85.0,393.0,159.0,2025.0
AbsoluTedisoRdeR.AcuteDisarray.EZ,168.0,76.0,514.0,8.0,766.0
AbsoluTedisoRdeR.AcuteDisarray.HD,389.0,146.0,460.0,51.0,1046.0
AbsoluTedisoRdeR.AcuteDisarray.IN,955.0,163.0,352.0,130.0,1600.0
Adastraperaspera.RabbitHouse.EZ,288.0,14.0,386.0,8.0,696.0
Adastraperaspera.RabbitHouse.HD,316.0,28.0,545.0,35.0,924.0
Adastraperaspera.RabbitHouse.IN,859.0,145.0,368.0,82.0,1454.0
AfterDawn.S9ryne.EZ,79.0,42.0,61.0,12.0,194.0
AfterDawn.S9ryne.HD,140.0,75.0,225.0,38.0,478.0
AfterDawn.S9ryne.IN,512.0,118.0,276.0,69.0,975.0
Ajourneytothemoonlight.Yesod.EZ,186.0,32.0,10.0,14.0,242.0
Ajourneytothemoonlight.Yesod.HD,400.0,17.0,116.0,22.0,555.0
Ajourneytothemoonlight.Yesod.IN,428.0,102.0,583.0,86.0,1199.0
Aleph0.LeaF.EZ,109.0,8.0,17.0,19.0,153.0
Aleph0.LeaF.HD,383.0,6.0,101.0,41.0,531.0
Aleph0.LeaF.IN,735.0,39.0,70.0,41.0,885.0
Aliceinaxxxxxxxx.Nagiha.EZ,104.0,24.0,101.0,10.0,239.0
Aliceinaxxxxxxxx.Nagiha.HD,193.0,45.0,184.0,11.0,433.0
Aliceinaxxxxxxxx.Nagiha.IN,522.0,73.0,253.0,74.0,922.0
AnotherMe.DAAN.EZ,175.0,14.0,193.0,73.0,455.0
AnotherMe.DAAN.HD,292.0,48.0,300.0,75.0,715.0
AnotherMe.DAAN.IN,774.0,243.0,314.0,118.0,1449.0
AnotherMe.NeutralMoon.EZ,132.0,48.0,132.0,6.0,318.0
AnotherMe.NeutralMoon.HD,276.0,38.0,109.0,2.0,425.0
AnotherMe.NeutralMoon.IN,408.0,41.0,92.0,23.0,564.0
AnotherRound.JustinDai.EZ,36.0,39.0,21.0,40.0,136.0
AnotherRound.JustinDai.HD,183.0,24.0,104.0,42.0,353.0
AnotherRound.JustinDai.IN,265.0,122.0,75.0,43.0,505.0
Antithese.Blacklolita.AT,879.0,45.0,208.0,68.0,1200.0
Antithese.Blacklolita.EZ,86.0,40.0,170.0,17.0,313.0
Antithese.Blacklolita.HD,326.0,91.0,372.0,12.0,801.0
Antithese.Blacklolita.IN,408.0,191.0,272.0,192.0,1063.0
Aphasia.闫东炜.EZ,132.0,1.0,150.0,0.0,283.0
Aphasia.闫东炜.HD,293.0,1.0,68.0,0.0,362.0
Aphasia.闫东炜.IN,509.0,1.0,41.0,2.0,553.0
AphroditesChildshortver.RUQOA.EZ,129.0,22.0,88.0,12.0,251.0
AphroditesChildshortver.RUQOA.HD,337.0,55.0,106.0,18.0,516.0
AphroditesChildshortver.RUQOA.IN,434.0,139.0,68.0,33.0,674.0
Apocalypse.アリスシャッハと魔法の楽団.EZ,110.0,36.0,0.0,61.0,207.0
Apocalypse.アリスシャッハと魔法の楽団.HD,207.0,48.0,122.0,5.0,382.0
Apocalypse.アリスシャッハと魔法の楽団.IN,448.0,80.0,91.0,57.0,676.0
Apocalyptic.ZClaxxSumaiLight.EZ,95.0,2.0,155.0,30.0,282.0
Apocalyptic.ZClaxxSumaiLight.HD,159.0,81.0,39.0,50.0,329.0
Apocalyptic.ZClaxxSumaiLight.IN,475.0,43.0,100.0,58.0,676.0
Ark.kanoryo.AT,540.0,252.0,235.0,64.0,1091.0
Ark.kanoryo.EZ,112.0,14.0,136.0,28.0,290.0
Ark.kanoryo.HD,232.0,37.0,204.0,50.0,523.0
Ark.kanoryo.IN,513.0,131.0,22.0,60.0,726.0
Arkhei.SeraAmagi.EZ,310.0,8.0,80.0,64.0,462.0
Arkhei.SeraAmagi.HD,264.0,53.0,115.0,22.0,454.0
Arkhei.SeraAmagi.IN,508.0,49.0,32.0,55.0,644.0
ArtificialExistence.JunKuroda.EZ,21.0,36.0,122.0,21.0,200.0
ArtificialExistence.JunKuroda.HD,159.0,64.0,133.0,44.0,400.0
ArtificialExistence.JunKuroda.IN,395.0,131.0,209.0,65.0,800.0
ATHAZA.LeaF.AT,1009.0,126.0,157.0,52.0,1344.0
ATHAZA.LeaF.EZ,263.0,30.0,120.0,66.0,479.0
ATHAZA.LeaF.HD,336.0,59.0,152.0,115.0,662.0
ATHAZA.LeaF.IN,715.0,171.0,190.0,61.0,1137.0
atruthseekerCommunicationwithUtopiawillbelost.kuro.EZ,149.0,21.0,144.0,14.0,328.0
atruthseekerCommunicationwithUtopiawillbelost.kuro.HD,343.0,20.0,146.0,46.0,555.0
atruthseekerCommunicationwithUtopiawillbelost.kuro.IN,548.0,76.0,245.0,117.0,986.0
AvataarReincarnationofKalpa.ScarletteakaCrYmson.AT,722.0,123.0,216.0,13.0,1074.0
AvataarReincarnationofKalpa.ScarletteakaCrYmson.EZ,44.0,30.0,47.0,1.0,122.0
AvataarReincarnationofKalpa.ScarletteakaCrYmson.HD,44.0,107.0,735.0,1.0,887.0
AvataarReincarnationofKalpa.ScarletteakaCrYmson.IN,319.0,62.0,598.0,0.0,979.0
Aventyr.GrandThawRigelTheatre.EZ,127.0,11.0,172.0,35.0,345.0
Aventyr.GrandThawRigelTheatre.HD,223.0,54.0,327.0,22.0,626.0
Aventyr.GrandThawRigelTheatre.IN,446.0,61.0,394.0,53.0,954.0
BelieveLightfeat果丸哒呦.ScalerMestie果丸哒呦.EZ,70.0,26.0,75.0,93.0,264.0
BelieveLightfeat果丸哒呦.ScalerMestie果丸哒呦.HD,220.0,40.0,199.0,121.0,580.0
BelieveLightfeat果丸哒呦.ScalerMestie果丸哒呦.IN,571.0,136.0,159.0,106.0,972.0
BetterGraphicAnimation.ルゼ.EZ,93.0,74.0,4.0,7.0,178.0
BetterGraphicAnimation.ルゼ.HD,268.0,70.0,123.0,8.0,469.0
BetterGraphicAnimation.ルゼ.IN,415.0,34.0,111.0,56.0,616.0
Bitterblossom.imvi.EZ,80.0,18.0,20.0,34.0,152.0
Bitterblossom.imvi.HD,197.0,83.0,218.0,83.0,581.0
Bitterblossom.imvi.IN,170.0,259.0,124.0,44.0,597.0
Bloom.targ麻团qwq.EZ,57.0,16.0,72.0,38.0,183.0
Bloom.targ麻团qwq.HD,73.0,30.0,545.0,76.0,724.0
Bloom.targ麻团qwq.IN,328.0,136.0,523.0,66.0,1053.0
BonusTime.MegaloPaleWhite.EZ,94.0,12.0,108.0,0.0,214.0
BonusTime.MegaloPaleWhite.HD,281.0,5.0,104.0,22.0,412.0
BonusTime.MegaloPaleWhite.IN,515.0,49.0,100.0,25.0,689.0
Bougainvillea.Jade.EZ,113.0,52.0,133.0,2.0,300.0
Bougainvillea.Jade.HD,136.0,76.0,111.0,24.0,347.0
Bougainvillea.Jade.IN,246.0,135.0,208.0,73.0,662.0
BoundedQuietude.FiniteLimitvsSiLiS.EZ,29.0,0.0,1077.0,21.0,1127.0
BoundedQuietude.FiniteLimitvsSiLiS.HD,196.0,107.0,0.0,0.0,303.0
BoundedQuietude.FiniteLimitvsSiLiS.IN,726.0,113.0,370.0,77.0,1286.0
BRAINHACKER.SOMON.EZ,74.0,8.0,94.0,54.0,230.0
BRAINHACKER.SOMON.HD,195.0,14.0,76.0,87.0,372.0
BRAINHACKER.SOMON.IN,280.0,68.0,88.0,344.0,780.0
BraveNotes.TurquoiseDRIVENota.EZ,139.0,68.0,66.0,26.0,299.0
BraveNotes.TurquoiseDRIVENota.HD,259.0,80.0,55.0,48.0,442.0
BraveNotes.TurquoiseDRIVENota.IN,498.0,100.0,107.0,63.0,768.0
BreakOver.Kforest.AT,422.0,57.0,64.0,27.0,570.0
BreakOver.Kforest.EZ,219.0,27.0,50.0,4.0,300.0
BreakOver.Kforest.HD,372.0,27.0,480.0,40.0,919.0
BreakOver.Kforest.IN,494.0,118.0,245.0,53.0,910.0
BreakThroughTheBarrier.lixound.EZ,199.0,54.0,164.0,2.0,419.0
BreakThroughTheBarrier.lixound.HD,305.0,48.0,219.0,9.0,581.0
BreakThroughTheBarrier.lixound.IN,559.0,56.0,461.0,14.0,1090.0
BrokenSky.JungoMAX3feat刘佳宜Snow幻影刃shadow.EZ,141.0,5.0,23.0,0.0,169.0
BrokenSky.JungoMAX3feat刘佳宜Snow幻影刃shadow.HD,217.0,10.0,125.0,0.0,352.0
BrokenSky.JungoMAX3feat刘佳宜Snow幻影刃shadow.IN,128.0,146.0,176.0,9.0,459.0
Burn.NceS.EZ,188.0,3.0,87.0,0.0,278.0
Burn.NceS.HD,329.0,122.0,42.0,4.0,497.0
Burn.NceS.IN,583.0,54.0,58.0,12.0,707.0
bye.DingerBox.EZ,73.0,24.0,68.0,21.0,186.0
bye.DingerBox.HD,146.0,71.0,83.0,33.0,333.0
bye.DingerBox.IN,280.0,189.0,196.0,60.0,725.0
Cereris.SunsetRayNceS.EZ,187.0,43.0,256.0,4.0,490.0
Cereris.SunsetRayNceS.HD,291.0,56.0,312.0,42.0,701.0
Cereris.SunsetRayNceS.IN,465.0,35.0,344.0,54.0,898.0
CervelleConnexion.SCTL.EZ,179.0,9.0,98.0,15.0,301.0
CervelleConnexion.SCTL.HD,329.0,9.0,217.0,14.0,569.0
CervelleConnexion.SCTL.IN,433.0,1.0,52.0,77.0,563.0
Chronologika.Hundotte.EZ,110.0,14.0,147.0,0.0,271.0
Chronologika.Hundotte.HD,321.0,13.0,119.0,3.0,456.0
Chronologika.Hundotte.IN,595.0,82.0,93.0,6.0,776.0
Chronomia.Lime.EZ,133.0,15.0,142.0,48.0,338.0
Chronomia.Lime.HD,255.0,71.0,271.0,66.0,663.0
Chronomia.Lime.IN,700.0,81.0,157.0,54.0,992.0
ChronosCollapseLaCampanella.SunsetRay.EZ,90.0,18.0,198.0,44.0,350.0
ChronosCollapseLaCampanella.SunsetRay.HD,365.0,35.0,353.0,20.0,773.0
ChronosCollapseLaCampanella.SunsetRay.IN,872.0,12.0,544.0,72.0,1500.0
Chronostasis.黒皇帝.EZ,187.0,50.0,54.0,0.0,291.0
Chronostasis.黒皇帝.HD,355.0,20.0,413.0,33.0,821.0
Chronostasis.黒皇帝.IN,697.0,53.0,525.0,51.0,1326.0
Cipher20.TetrajectoryfeatCtymax.EZ,145.0,30.0,210.0,16.0,401.0
Cipher20.TetrajectoryfeatCtymax.HD,273.0,38.0,138.0,24.0,473.0
Cipher20.TetrajectoryfeatCtymax.IN,460.0,54.0,478.0,49.0,1041.0
ClassMemories.AntistarfeatCtymax.EZ,329.0,13.0,51.0,0.0,393.0
ClassMemories.AntistarfeatCtymax.HD,429.0,48.0,294.0,0.0,771.0
ClassMemories.AntistarfeatCtymax.IN,667.0,37.0,489.0,1.0,1194.0
ClockParadox.WyvernP.EZ,57.0,24.0,88.0,19.0,188.0
ClockParadox.WyvernP.HD,142.0,36.0,114.0,20.0,312.0
ClockParadox.WyvernP.IN,300.0,26.0,174.0,20.0,520.0
ColorfulDays.P4koofeatつゆり花鈴.EZ,83.0,3.0,67.0,3.0,156.0
ColorfulDays.P4koofeatつゆり花鈴.HD,112.0,7.0,64.0,3.0,186.0
ColorfulDays.P4koofeatつゆり花鈴.IN,251.0,14.0,116.0,26.0,407.0
CometFeat符白牙.CNHKSS.EZ,62.0,6.0,55.0,15.0,138.0
CometFeat符白牙.CNHKSS.HD,111.0,78.0,524.0,39.0,752.0
CometFeat符白牙.CNHKSS.IN,374.0,125.0,328.0,47.0,874.0
ComputeItWithSomeDevilishAlcoholicSteampunkEngines.かめりあ.EZ,200.0,71.0,54.0,5.0,330.0
ComputeItWithSomeDevilishAlcoholicSteampunkEngines.かめりあ.HD,349.0,40.0,318.0,16.0,723.0
ComputeItWithSomeDevilishAlcoholicSteampunkEngines.かめりあ.IN,667.0,135.0,344.0,67.0,1213.0
Concvssion.Halv.EZ,257.0,39.0,130.0,24.0,450.0
Concvssion.Halv.HD,372.0,128.0,191.0,9.0,700.0
Concvssion.Halv.IN,771.0,81.0,88.0,60.0,1000.0
CraveWave.LandRoot.EZ,36.0,43.0,94.0,4.0,177.0
CraveWave.LandRoot.HD,176.0,27.0,175.0,18.0,396.0
CraveWave.LandRoot.IN,457.0,73.0,266.0,20.0,816.0
Credits.Frums.AT,287.0,186.0,117.0,48.0,638.0
Credits.Frums.EZ,58.0,26.0,104.0,0.0,188.0
Credits.Frums.HD,159.0,20.0,176.0,0.0,355.0
Credits.Frums.IN,340.0,40.0,131.0,24.0,535.0
CROSSSOUL.HyuNfeatSyepias.EZ,288.0,53.0,166.0,10.0,517.0
CROSSSOUL.HyuNfeatSyepias.HD,419.0,83.0,379.0,11.0,892.0
CROSSSOUL.HyuNfeatSyepias.IN,666.0,143.0,460.0,36.0,1305.0
CrushBETA.shadow_bling.EZ,155.0,48.0,67.0,0.0,270.0
CrushBETA.shadow_bling.HD,274.0,87.0,289.0,16.0,666.0
CrushBETA.shadow_bling.IN,539.0,164.0,147.0,127.0,977.0
cryout.JuE.EZ,119.0,18.0,84.0,0.0,221.0
cryout.JuE.HD,315.0,8.0,201.0,5.0,529.0
cryout.JuE.IN,526.0,4.0,161.0,21.0,712.0
csqn.Aoi.EZ,174.0,14.0,133.0,9.0,330.0
csqn.Aoi.HD,274.0,17.0,418.0,46.0,755.0
csqn.Aoi.IN,597.0,91.0,255.0,123.0,1066.0
Cthugha.USAO.AT,1016.0,159.0,182.0,87.0,1444.0
Cthugha.USAO.EZ,216.0,29.0,71.0,62.0,378.0
Cthugha.USAO.HD,481.0,8.0,121.0,87.0,697.0
Cthugha.USAO.IN,947.0,119.0,196.0,71.0,1333.0
Cuvism.Fl00tvsHalv.AT,807.0,60.0,152.0,69.0,1088.0
Cuvism.Fl00tvsHalv.EZ,57.0,23.0,121.0,21.0,222.0
Cuvism.Fl00tvsHalv.HD,564.0,51.0,132.0,14.0,761.0
Cuvism.Fl00tvsHalv.IN,605.0,50.0,142.0,33.0,830.0
DancewithSilence.かめりあ.EZ,71.0,16.0,41.0,42.0,170.0
DancewithSilence.かめりあ.HD,213.0,121.0,191.0,27.0,552.0
DancewithSilence.かめりあ.IN,440.0,166.0,460.0,59.0,1125.0
Dash.小红Akane李祥辉.EZ,92.0,6.0,16.0,0.0,114.0
Dash.小红Akane李祥辉.HD,188.0,1.0,21.0,0.0,210.0
Dash.小红Akane李祥辉.IN,285.0,24.0,19.0,18.0,346.0
DataErr0r.Cosmograph.EZ,15.0,13.0,16.0,6.0,50.0
DataErr0r.Cosmograph.HD,316.0,5.0,33.0,46.0,400.0
DataErr0r.Cosmograph.IN,366.0,180.0,12.0,55.0,613.0
dBdoll.YUESTEVENuen.AT,292.0,35.0,25.0,25.0,377.0
dBdoll.YUESTEVENuen.EZ,27.0,18.0,15.0,0.0,60.0
dBdoll.YUESTEVENuen.HD,39.0,7.0,78.0,0.0,124.0
dBdoll.YUESTEVENuen.IN,101.0,23.0,111.0,2.0,237.0
DeadSoul.SoundSouler.EZ,196.0,19.0,53.0,5.0,273.0
DeadSoul.SoundSouler.HD,210.0,42.0,331.0,30.0,613.0
DeadSoul.SoundSouler.IN,438.0,53.0,267.0,29.0,787.0
Demiurge.Rabpit.EZ,36.0,37.0,11.0,16.0,100.0
Demiurge.Rabpit.HD,310.0,28.0,93.0,14.0,445.0
Demiurge.Rabpit.IN,406.0,69.0,26.0,19.0,520.0
Demonkin.ForgedReigns.EZ,138.0,44.0,237.0,7.0,426.0
Demonkin.ForgedReigns.HD,273.0,49.0,175.0,16.0,513.0
Demonkin.ForgedReigns.IN,588.0,133.0,35.0,73.0,829.0
DerRichter.Ωμεγα.AT,625.0,204.0,373.0,104.0,1306.0
DerRichter.Ωμεγα.EZ,163.0,27.0,99.0,21.0,310.0
DerRichter.Ωμεγα.HD,402.0,24.0,162.0,27.0,615.0
DerRichter.Ωμεγα.IN,609.0,70.0,356.0,114.0,1149.0
DESTRUCTION321.Normal1zervsBrokenNerdz.AT,1145.0,76.0,1044.0,65.0,2330.0
DESTRUCTION321.Normal1zervsBrokenNerdz.EZ,229.0,17.0,802.0,12.0,1060.0
DESTRUCTION321.Normal1zervsBrokenNerdz.HD,460.0,36.0,746.0,8.0,1250.0
DESTRUCTION321.Normal1zervsBrokenNerdz.IN,917.0,49.0,528.0,38.0,1532.0
DevIAtiOnshortver.polysha.EZ,122.0,42.0,38.0,20.0,222.0
DevIAtiOnshortver.polysha.HD,352.0,43.0,405.0,27.0,827.0
DevIAtiOnshortver.polysha.IN,551.0,147.0,269.0,150.0,1117.0
Devotion.Connexio.EZ,133.0,18.0,138.0,28.0,317.0
Devotion.Connexio.HD,203.0,89.0,334.0,31.0,657.0
Devotion.Connexio.IN,486.0,62.0,160.0,85.0,793.0
DiamondDust.MasahiroGodspeedAoki.AT,623.0,288.0,442.0,165.0,1518.0
DiamondDust.MasahiroGodspeedAoki.EZ,102.0,50.0,82.0,32.0,266.0
DiamondDust.MasahiroGodspeedAoki.HD,383.0,96.0,156.0,11.0,646.0
DiamondDust.MasahiroGodspeedAoki.IN,618.0,167.0,78.0,123.0,986.0
DiamondEyes.SYNTHETIC.EZ,79.0,32.0,214.0,15.0,340.0
DiamondEyes.SYNTHETIC.HD,142.0,66.0,176.0,45.0,429.0
DiamondEyes.SYNTHETIC.IN,341.0,129.0,271.0,33.0,774.0
Disorder.HyuNfeatYURI.EZ,85.0,65.0,294.0,0.0,444.0
Disorder.HyuNfeatYURI.HD,210.0,45.0,368.0,6.0,629.0
Disorder.HyuNfeatYURI.IN,529.0,119.0,235.0,35.0,918.0
DistortedFate.Sakuzyo.AT,907.0,212.0,115.0,49.0,1283.0
DistortedFate.Sakuzyo.EZ,271.0,29.0,248.0,46.0,594.0
DistortedFate.Sakuzyo.HD,569.0,131.0,230.0,40.0,970.0
DistortedFate.Sakuzyo.IN,841.0,132.0,430.0,46.0,1449.0
Dlyrotz.Likey.EZ,74.0,8.0,258.0,58.0,398.0
Dlyrotz.Likey.HD,200.0,8.0,180.0,70.0,458.0
Dlyrotz.Likey.IN,251.0,78.0,151.0,104.0,584.0
DontNeverAround.HAMA.EZ,122.0,16.0,165.0,5.0,308.0
DontNeverAround.HAMA.HD,317.0,7.0,293.0,22.0,639.0
DontNeverAround.HAMA.IN,610.0,64.0,315.0,39.0,1028.0
Doppelganger.LeaF.EZ,101.0,48.0,264.0,23.0,436.0
Doppelganger.LeaF.HD,175.0,74.0,287.0,55.0,591.0
Doppelganger.LeaF.IN,557.0,92.0,231.0,41.0,921.0
Dreamland.z1onkyrrin.EZ,203.0,40.0,73.0,22.0,338.0
Dreamland.z1onkyrrin.HD,274.0,89.0,64.0,49.0,476.0
Dreamland.z1onkyrrin.IN,486.0,80.0,38.0,23.0,627.0
DropIt.Asuka.EZ,142.0,31.0,308.0,24.0,505.0
DropIt.Asuka.HD,270.0,117.0,186.0,29.0,602.0
DropIt.Asuka.IN,618.0,99.0,83.0,231.0,1031.0
ElCondorPasaPhigrosEdit.PlasticFruits.EZ,158.0,26.0,20.0,55.0,259.0
ElCondorPasaPhigrosEdit.PlasticFruits.HD,209.0,105.0,201.0,70.0,585.0
ElCondorPasaPhigrosEdit.PlasticFruits.IN,763.0,62.0,315.0,0.0,1140.0
Electron.ElousFZ.EZ,118.0,21.0,61.0,19.0,219.0
Electron.ElousFZ.HD,235.0,23.0,144.0,21.0,423.0
Electron.ElousFZ.IN,432.0,42.0,57.0,45.0,576.0
Eltaw.Fl00t.EZ,146.0,26.0,192.0,27.0,391.0
Eltaw.Fl00t.HD,313.0,35.0,242.0,18.0,608.0
Eltaw.Fl00t.IN,603.0,42.0,164.0,46.0,855.0
Elúltimobaile.Θ.EZ,105.0,26.0,127.0,3.0,261.0
Elúltimobaile.Θ.HD,215.0,48.0,200.0,17.0,480.0
Elúltimobaile.Θ.IN,403.0,63.0,86.0,58.0,610.0
EndMe.ZxNXasDelaina.EZ,65.0,29.0,121.0,2.0,217.0
EndMe.ZxNXasDelaina.HD,64.0,31.0,225.0,0.0,320.0
EndMe.ZxNXasDelaina.IN,203.0,29.0,359.0,133.0,724.0
ENERGYSYNERGYMATRIX.Tanchiky.EZ,133.0,24.0,253.0,40.0,450.0
ENERGYSYNERGYMATRIX.Tanchiky.HD,285.0,27.0,190.0,78.0,580.0
ENERGYSYNERGYMATRIX.Tanchiky.IN,610.0,38.0,43.0,59.0,750.0
energytrixxx.KAH.EZ,105.0,37.0,94.0,16.0,252.0
energytrixxx.KAH.HD,284.0,30.0,121.0,42.0,477.0
energytrixxx.KAH.IN,693.0,35.0,108.0,94.0,930.0
EnginexStartmelodymix.CrossingSound.EZ,45.0,2.0,19.0,9.0,75.0
EnginexStartmelodymix.CrossingSound.HD,137.0,7.0,27.0,21.0,192.0
EnginexStartmelodymix.CrossingSound.IN,346.0,15.0,25.0,47.0,433.0
ERABYECONNEC10N.かめりあ.AT,1120.0,116.0,202.0,141.0,1579.0
ERABYECONNEC10N.かめりあ.EZ,167.0,59.0,240.0,26.0,492.0
ERABYECONNEC10N.かめりあ.HD,338.0,41.0,483.0,42.0,904.0
ERABYECONNEC10N.かめりあ.IN,590.0,169.0,748.0,23.0,1530.0
EradicationCatastrophe.NceS.EZ,75.0,17.0,81.0,8.0,181.0
EradicationCatastrophe.NceS.HD,67.0,44.0,89.0,0.0,200.0
EradicationCatastrophe.NceS.IN,373.0,53.0,151.0,16.0,593.0
EternalSnow.AbyssIdols.EZ,102.0,24.0,160.0,2.0,288.0
EternalSnow.AbyssIdols.HD,329.0,42.0,124.0,38.0,533.0
EternalSnow.AbyssIdols.IN,473.0,42.0,50.0,135.0,700.0
Feast远东之宴.茶鸣拾贰律.EZ,106.0,106.0,363.0,25.0,600.0
Feast远东之宴.茶鸣拾贰律.HD,223.0,152.0,388.0,37.0,800.0
Feast远东之宴.茶鸣拾贰律.IN,511.0,156.0,244.0,89.0,1000.0
FinalStep.Lime.EZ,189.0,6.0,103.0,57.0,355.0
FinalStep.Lime.HD,329.0,25.0,201.0,49.0,604.0
FinalStep.Lime.IN,685.0,38.0,90.0,118.0,931.0
FindMe.Kforest.EZ,149.0,11.0,305.0,0.0,465.0
FindMe.Kforest.HD,390.0,44.0,222.0,1.0,657.0
FindMe.Kforest.IN,719.0,15.0,97.0,5.0,836.0
FixationsTowardtheStars.Foodbot.EZ,125.0,19.0,45.0,4.0,193.0
FixationsTowardtheStars.Foodbot.HD,324.0,61.0,54.0,52.0,491.0
FixationsTowardtheStars.Foodbot.IN,375.0,107.0,329.0,24.0,835.0
FlutterEcho.Cansol.EZ,124.0,57.0,18.0,23.0,222.0
FlutterEcho.Cansol.HD,422.0,34.0,79.0,20.0,555.0
FlutterEcho.Cansol.IN,551.0,107.0,338.0,50.0,1046.0
FracturedAngel.DJRaisei.EZ,58.0,57.0,495.0,16.0,626.0
FracturedAngel.DJRaisei.HD,166.0,129.0,491.0,10.0,796.0
FracturedAngel.DJRaisei.IN,498.0,166.0,311.0,109.0,1084.0
FreakyUndulationsNobleKnightsofTune.JehezukielKURORAK.EZ,73.0,57.0,137.0,25.0,292.0
FreakyUndulationsNobleKnightsofTune.JehezukielKURORAK.HD,169.0,102.0,326.0,24.0,621.0
FreakyUndulationsNobleKnightsofTune.JehezukielKURORAK.IN,315.0,120.0,444.0,141.0,1020.0
FrozenHeart.A39沙包P.EZ,120.0,120.0,105.0,8.0,353.0
FrozenHeart.A39沙包P.HD,359.0,260.0,80.0,9.0,708.0
FrozenHeart.A39沙包P.IN,426.0,230.0,212.0,71.0,939.0
FULiAUTOBUSTER.MYUKKE.EZ,129.0,37.0,86.0,33.0,285.0
FULiAUTOBUSTER.MYUKKE.HD,366.0,47.0,159.0,24.0,596.0
FULiAUTOBUSTER.MYUKKE.IN,494.0,74.0,143.0,44.0,755.0
FULiAUTOSHOOTER.MYUKKE.EZ,21.0,31.0,75.0,14.0,141.0
FULiAUTOSHOOTER.MYUKKE.HD,138.0,69.0,164.0,18.0,389.0
FULiAUTOSHOOTER.MYUKKE.IN,569.0,55.0,202.0,17.0,843.0
FutureMind.RayNauticaRekuMochizuki.EZ,118.0,37.0,163.0,47.0,365.0
FutureMind.RayNauticaRekuMochizuki.HD,292.0,7.0,252.0,19.0,570.0
FutureMind.RayNauticaRekuMochizuki.IN,553.0,58.0,227.0,28.0,866.0
GetBack.CAP3.EZ,223.0,27.0,64.0,7.0,321.0
GetBack.CAP3.HD,266.0,2.0,258.0,24.0,550.0
GetBack.CAP3.IN,430.0,0.0,246.0,32.0,708.0
GetReady.iF.EZ,206.0,12.0,114.0,31.0,363.0
GetReady.iF.HD,377.0,12.0,157.0,38.0,584.0
GetReady.iF.IN,552.0,70.0,107.0,90.0,819.0
Glaciaxion.SunsetRay.EZ,34.0,25.0,1.0,6.0,66.0
Glaciaxion.SunsetRay.HD,139.0,83.0,165.0,6.0,393.0
Glaciaxion.SunsetRay.IN,216.0,73.0,389.0,51.0,729.0
GOODBOUNCE.EBIMAYO.EZ,242.0,102.0,240.0,4.0,588.0
GOODBOUNCE.EBIMAYO.HD,375.0,86.0,314.0,22.0,797.0
GOODBOUNCE.EBIMAYO.IN,617.0,107.0,144.0,30.0,898.0
GOODFORTUNE.EBIMAYO.EZ,208.0,136.0,100.0,11.0,455.0
GOODFORTUNE.EBIMAYO.HD,191.0,100.0,439.0,3.0,733.0
GOODFORTUNE.EBIMAYO.IN,747.0,134.0,70.0,60.0,1011.0
GOODRAGE.EBIMAYO.EZ,210.0,8.0,86.0,4.0,308.0
GOODRAGE.EBIMAYO.HD,195.0,10.0,386.0,37.0,628.0
GOODRAGE.EBIMAYO.IN,640.0,117.0,144.0,133.0,1034.0
GOODTEK.EBIMAYO.EZ,247.0,36.0,12.0,0.0,295.0
GOODTEK.EBIMAYO.HD,437.0,34.0,133.0,5.0,609.0
GOODTEK.EBIMAYO.IN,602.0,40.0,198.0,33.0,873.0
GOODWORLD.EBIMAYO.EZ,91.0,20.0,101.0,3.0,215.0
GOODWORLD.EBIMAYO.HD,328.0,47.0,393.0,37.0,805.0
GOODWORLD.EBIMAYO.IN,685.0,48.0,165.0,62.0,960.0
Grimheart.Puru.EZ,86.0,12.0,15.0,19.0,132.0
Grimheart.Puru.HD,129.0,70.0,109.0,41.0,349.0
Grimheart.Puru.IN,332.0,125.0,69.0,51.0,577.0
GVNGlitterVomitusandNeon.SaltySaltUnfold33.EZ,48.0,58.0,477.0,52.0,635.0
GVNGlitterVomitusandNeon.SaltySaltUnfold33.HD,121.0,118.0,591.0,70.0,900.0
GVNGlitterVomitusandNeon.SaltySaltUnfold33.IN,766.0,86.0,625.0,64.0,1541.0
HardcoreKwaya.EnFr.EZ,176.0,88.0,71.0,5.0,340.0
HardcoreKwaya.EnFr.HD,178.0,22.0,325.0,86.0,611.0
HardcoreKwaya.EnFr.IN,548.0,138.0,150.0,16.0,852.0
HAZARD.Limpid.EZ,191.0,10.0,68.0,14.0,283.0
HAZARD.Limpid.HD,310.0,36.0,115.0,46.0,507.0
HAZARD.Limpid.IN,487.0,11.0,35.0,55.0,588.0
Helios.NOABotaNya.EZ,12.0,33.0,139.0,4.0,188.0
Helios.NOABotaNya.HD,125.0,64.0,195.0,7.0,391.0
Helios.NOABotaNya.IN,218.0,76.0,457.0,35.0,786.0
HorizonBlue.NothingButRequiemfeatAikapinChiyoko.EZ,265.0,48.0,206.0,0.0,519.0
HorizonBlue.NothingButRequiemfeatAikapinChiyoko.HD,486.0,41.0,188.0,18.0,733.0
HorizonBlue.NothingButRequiemfeatAikapinChiyoko.IN,684.0,134.0,213.0,53.0,1084.0
HumaN.SOTUI.EZ,66.0,12.0,32.0,1.0,111.0
HumaN.SOTUI.HD,167.0,19.0,19.0,17.0,222.0
HumaN.SOTUI.IN,418.0,55.0,63.0,18.0,554.0
Igallta.SeURa.AT,801.0,115.0,121.0,77.0,1114.0
Igallta.SeURa.EZ,178.0,21.0,193.0,22.0,414.0
Igallta.SeURa.HD,255.0,41.0,253.0,52.0,601.0
Igallta.SeURa.IN,675.0,27.0,219.0,97.0,1018.0
iLArtifact.Link0.EZ,160.0,40.0,257.0,25.0,482.0
iLArtifact.Link0.HD,244.0,112.0,500.0,69.0,925.0
iLArtifact.Link0.IN,700.0,97.0,388.0,94.0,1279.0
IMustSayNo.TangJuan.EZ,24.0,18.0,17.0,17.0,76.0
IMustSayNo.TangJuan.HD,296.0,1.0,32.0,35.0,364.0
IMustSayNo.TangJuan.IN,378.0,19.0,28.0,45.0,470.0
IndelibleScar.Noah.AT,708.0,182.0,186.0,131.0,1207.0
IndelibleScar.Noah.EZ,106.0,113.0,83.0,14.0,316.0
IndelibleScar.Noah.HD,208.0,108.0,399.0,18.0,733.0
IndelibleScar.Noah.IN,389.0,148.0,238.0,69.0,844.0
inferior.姜米條.EZ,226.0,0.0,0.0,0.0,226.0
inferior.姜米條.HD,0.0,105.0,273.0,111.0,489.0
inferior.姜米條.IN,482.0,25.0,167.0,81.0,755.0
INFiNiTEENERZYOverdoze.RekuMochizuki.AT,590.0,168.0,0.0,130.0,888.0
INFiNiTEENERZYOverdoze.RekuMochizuki.EZ,189.0,23.0,68.0,53.0,333.0
INFiNiTEENERZYOverdoze.RekuMochizuki.HD,408.0,41.0,174.0,43.0,666.0
INFiNiTEENERZYOverdoze.RekuMochizuki.IN,549.0,60.0,114.0,165.0,888.0
InfinityHeaven.HyuN.EZ,97.0,26.0,35.0,6.0,164.0
InfinityHeaven.HyuN.HD,299.0,6.0,98.0,19.0,422.0
InfinityHeaven.HyuN.IN,431.0,67.0,502.0,29.0,1029.0
Initialize.iF.EZ,63.0,8.0,34.0,12.0,117.0
Initialize.iF.HD,124.0,29.0,162.0,39.0,354.0
Initialize.iF.IN,287.0,3.0,206.0,85.0,581.0
Introducti.EZ,9.0,14.0,60.0,10.0,93.0
InvertedWorld.ARForest.EZ,133.0,80.0,27.0,6.0,246.0
InvertedWorld.ARForest.HD,301.0,37.0,244.0,32.0,614.0
InvertedWorld.ARForest.IN,590.0,100.0,103.0,27.0,820.0
JourneywithYou.Iris.EZ,0.0,20.0,33.0,7.0,60.0
JourneywithYou.Iris.HD,103.0,34.0,0.0,38.0,175.0
JourneywithYou.Iris.IN,177.0,167.0,120.0,98.0,562.0
JunXionBetweenLifeAndDeathVIPMix.1N6Fs.EZ,26.0,18.0,218.0,0.0,262.0
JunXionBetweenLifeAndDeathVIPMix.1N6Fs.HD,125.0,25.0,440.0,3.0,593.0
JunXionBetweenLifeAndDeathVIPMix.1N6Fs.IN,438.0,39.0,227.0,18.0,722.0
Kerberos.Zris.EZ,156.0,24.0,69.0,13.0,262.0
Kerberos.Zris.HD,446.0,35.0,136.0,66.0,683.0
Kerberos.Zris.IN,799.0,65.0,44.0,70.0,978.0
Khalid.Dolphin.EZ,124.0,48.0,8.0,10.0,190.0
Khalid.Dolphin.HD,177.0,45.0,109.0,25.0,356.0
Khalid.Dolphin.IN,206.0,144.0,225.0,56.0,631.0
KhronostasisKatharsis.Halv.EZ,156.0,15.0,193.0,5.0,369.0
KhronostasisKatharsis.Halv.HD,446.0,0.0,177.0,21.0,644.0
KhronostasisKatharsis.Halv.IN,711.0,32.0,73.0,45.0,861.0
KirakiraNoelStory.RekuMochizuki.EZ,171.0,4.0,69.0,24.0,268.0
KirakiraNoelStory.RekuMochizuki.HD,351.0,2.0,231.0,42.0,626.0
KirakiraNoelStory.RekuMochizuki.IN,408.0,99.0,337.0,91.0,935.0
KIZUNAResolution.TAG.EZ,140.0,13.0,68.0,41.0,262.0
KIZUNAResolution.TAG.HD,565.0,36.0,86.0,35.0,722.0
KIZUNAResolution.TAG.IN,665.0,221.0,111.0,42.0,1039.0
KMoeVIP.ZxNX.EZ,80.0,18.0,3.0,22.0,123.0
KMoeVIP.ZxNX.HD,190.0,48.0,131.0,63.0,432.0
KMoeVIP.ZxNX.IN,698.0,50.0,282.0,30.0,1060.0
LabyrinthinKowloonWalledWorld.かめりあ.EZ,148.0,68.0,275.0,0.0,491.0
LabyrinthinKowloonWalledWorld.かめりあ.HD,314.0,107.0,547.0,0.0,968.0
LabyrinthinKowloonWalledWorld.かめりあ.IN,789.0,114.0,206.0,41.0,1150.0
LeaveAllBehind.rider.EZ,91.0,27.0,92.0,0.0,210.0
LeaveAllBehind.rider.HD,284.0,12.0,95.0,3.0,394.0
LeaveAllBehind.rider.IN,370.0,5.0,125.0,23.0,523.0
Letempsperdu.Daison.EZ,128.0,10.0,112.0,12.0,262.0
Letempsperdu.Daison.HD,270.0,7.0,308.0,3.0,588.0
Letempsperdu.Daison.IN,307.0,40.0,351.0,0.0,698.0
lifeflashesbeforeweebeyes.BilliumMoto.EZ,197.0,23.0,330.0,17.0,567.0
lifeflashesbeforeweebeyes.BilliumMoto.HD,423.0,33.0,470.0,34.0,960.0
lifeflashesbeforeweebeyes.BilliumMoto.IN,614.0,46.0,342.0,63.0,1065.0
Luminescence.米虾Fomiki初云CLoudie.EZ,191.0,39.0,208.0,5.0,443.0
Luminescence.米虾Fomiki初云CLoudie.HD,343.0,28.0,312.0,6.0,689.0
Luminescence.米虾Fomiki初云CLoudie.IN,600.0,131.0,243.0,13.0,987.0
Luminescent.Daison.EZ,185.0,33.0,112.0,0.0,330.0
Luminescent.Daison.HD,363.0,67.0,178.0,0.0,608.0
Luminescent.Daison.IN,363.0,98.0,97.0,92.0,650.0
LuminousEntitiesLostHeart.NormalMfeatUsagiDenki.EZ,136.0,36.0,95.0,8.0,275.0
LuminousEntitiesLostHeart.NormalMfeatUsagiDenki.HD,220.0,64.0,156.0,21.0,461.0
LuminousEntitiesLostHeart.NormalMfeatUsagiDenki.IN,493.0,194.0,168.0,74.0,929.0
Lyrith迷宮リリス.ユメミド.AT,855.0,40.0,268.0,73.0,1236.0
Lyrith迷宮リリス.ユメミド.EZ,179.0,21.0,36.0,12.0,248.0
Lyrith迷宮リリス.ユメミド.HD,323.0,21.0,316.0,40.0,700.0
Lyrith迷宮リリス.ユメミド.IN,736.0,174.0,265.0,92.0,1267.0
MagentaPotion.EmoCo.EZ,135.0,24.0,125.0,50.0,334.0
MagentaPotion.EmoCo.HD,342.0,63.0,203.0,23.0,631.0
MagentaPotion.EmoCo.IN,506.0,96.0,127.0,62.0,791.0
ManifoldHypothesis.cybermisofeattigerlily.EZ,68.0,48.0,39.0,32.0,187.0
ManifoldHypothesis.cybermisofeattigerlily.HD,121.0,158.0,92.0,30.0,401.0
ManifoldHypothesis.cybermisofeattigerlily.IN,548.0,92.0,209.0,46.0,895.0
MARENOL.LeaF.EZ,30.0,30.0,32.0,3.0,95.0
MARENOL.LeaF.HD,202.0,77.0,184.0,4.0,467.0
MARENOL.LeaF.IN,482.0,85.0,92.0,30.0,689.0
mechanted.rareguy.EZ,93.0,13.0,76.0,2.0,184.0
mechanted.rareguy.HD,170.0,74.0,209.0,47.0,500.0
mechanted.rareguy.IN,462.0,64.0,60.0,76.0,662.0
microwav.dandeless.EZ,162.0,30.0,0.0,4.0,196.0
microwav.dandeless.HD,316.0,11.0,128.0,4.0,459.0
microwav.dandeless.IN,625.0,9.0,2.0,13.0,649.0
MiracleForestVIPMix.Rinthlive.EZ,88.0,14.0,208.0,13.0,323.0
MiracleForestVIPMix.Rinthlive.HD,182.0,19.0,372.0,13.0,586.0
MiracleForestVIPMix.Rinthlive.IN,444.0,24.0,302.0,69.0,839.0
MOBILYS.Dachs.EZ,190.0,47.0,65.0,9.0,311.0
MOBILYS.Dachs.HD,393.0,50.0,74.0,13.0,530.0
MOBILYS.Dachs.IN,682.0,61.0,171.0,24.0,938.0
modulus.PTB10.EZ,137.0,7.0,114.0,0.0,258.0
modulus.PTB10.HD,374.0,18.0,90.0,0.0,482.0
modulus.PTB10.IN,581.0,61.0,121.0,11.0,774.0
NextTime.SaMZIng.EZ,76.0,48.0,109.0,7.0,240.0
NextTime.SaMZIng.HD,121.0,69.0,102.0,11.0,303.0
NextTime.SaMZIng.IN,195.0,108.0,70.0,14.0,387.0
Nhelv.Silentroom.EZ,43.0,31.0,109.0,13.0,196.0
Nhelv.Silentroom.HD,293.0,42.0,118.0,118.0,571.0
Nhelv.Silentroom.IN,633.0,63.0,0.0,137.0,833.0
NickofTime.P4koo.EZ,185.0,9.0,134.0,0.0,328.0
NickofTime.P4koo.HD,347.0,10.0,56.0,16.0,429.0
NickofTime.P4koo.IN,675.0,21.0,39.0,10.0,745.0
NightTheater.わかどり.EZ,85.0,25.0,87.0,59.0,256.0
NightTheater.わかどり.HD,236.0,28.0,289.0,63.0,616.0
NightTheater.わかどり.IN,578.0,64.0,125.0,44.0,811.0
NonMelodicRagezMUGEdit.Normal1zer.EZ,181.0,7.0,144.0,15.0,347.0
NonMelodicRagezMUGEdit.Normal1zer.HD,440.0,26.0,179.0,30.0,675.0
NonMelodicRagezMUGEdit.Normal1zer.IN,759.0,6.0,408.0,62.0,1235.0
NOONEYESMAN.MYUKKE.EZ,194.0,40.0,135.0,25.0,394.0
NOONEYESMAN.MYUKKE.HD,284.0,110.0,183.0,35.0,612.0
NOONEYESMAN.MYUKKE.IN,454.0,143.0,167.0,80.0,844.0
NowIsTheTimeDoIt.RoyMikelate.EZ,179.0,22.0,34.0,11.0,246.0
NowIsTheTimeDoIt.RoyMikelate.HD,449.0,46.0,278.0,4.0,777.0
NowIsTheTimeDoIt.RoyMikelate.IN,491.0,58.0,183.0,63.0,795.0
NOx.Juggernaut.EZ,86.0,42.0,58.0,12.0,198.0
NOx.Juggernaut.HD,188.0,60.0,415.0,37.0,700.0
NOx.Juggernaut.IN,482.0,111.0,463.0,94.0,1150.0
NYA.FLuoRiTe姜米條.EZ,58.0,25.0,15.0,24.0,122.0
NYA.FLuoRiTe姜米條.HD,261.0,49.0,97.0,21.0,428.0
NYA.FLuoRiTe姜米條.IN,457.0,118.0,44.0,47.0,666.0
OnAndOn.ETIAfeatJenga.EZ,97.0,17.0,28.0,53.0,195.0
OnAndOn.ETIAfeatJenga.HD,165.0,15.0,102.0,41.0,323.0
OnAndOn.ETIAfeatJenga.IN,537.0,43.0,142.0,108.0,830.0
opia.rN.EZ,106.0,30.0,41.0,56.0,233.0
opia.rN.HD,155.0,8.0,281.0,104.0,548.0
opia.rN.IN,418.0,101.0,213.0,61.0,793.0
Originally.SNKSMizku.EZ,0.0,0.0,93.0,43.0,136.0
Originally.SNKSMizku.HD,217.0,36.0,143.0,57.0,453.0
Originally.SNKSMizku.IN,615.0,75.0,184.0,77.0,951.0
Orthodox.tokiwa.EZ,185.0,13.0,107.0,7.0,312.0
Orthodox.tokiwa.HD,309.0,37.0,69.0,31.0,446.0
Orthodox.tokiwa.IN,669.0,61.0,210.0,23.0,963.0
Palescreen.WyvernPfeatMadol.EZ,93.0,60.0,66.0,5.0,224.0
Palescreen.WyvernPfeatMadol.HD,278.0,88.0,386.0,20.0,772.0
Palescreen.WyvernPfeatMadol.IN,599.0,41.0,372.0,47.0,1059.0
PANICPARADISE.DJSHIONY.AT,650.0,117.0,132.0,212.0,1111.0
PANICPARADISE.DJSHIONY.EZ,224.0,31.0,81.0,31.0,367.0
PANICPARADISE.DJSHIONY.HD,416.0,23.0,27.0,67.0,533.0
PANICPARADISE.DJSHIONY.IN,598.0,127.0,50.0,106.0,881.0
ParallelRetrogressionGameVer.Tetrajectory.EZ,179.0,58.0,265.0,5.0,507.0
ParallelRetrogressionGameVer.Tetrajectory.HD,268.0,39.0,385.0,5.0,697.0
ParallelRetrogressionGameVer.Tetrajectory.IN,480.0,78.0,261.0,32.0,851.0
parsey.siqlo.EZ,84.0,23.0,44.0,30.0,181.0
parsey.siqlo.HD,299.0,20.0,58.0,72.0,449.0
parsey.siqlo.IN,410.0,69.0,219.0,79.0,777.0
PixelRebelz.Normal1zer.EZ,75.0,24.0,160.0,26.0,285.0
PixelRebelz.Normal1zer.HD,160.0,63.0,242.0,40.0,505.0
PixelRebelz.Normal1zer.IN,673.0,81.0,170.0,17.0,941.0
PoisonANDORAffection.LeaF.EZ,75.0,33.0,12.0,20.0,140.0
PoisonANDORAffection.LeaF.HD,190.0,20.0,38.0,30.0,278.0
PoisonANDORAffection.LeaF.IN,700.0,188.0,0.0,0.0,888.0
Pontdessouvenirs.VeetaCrushvsitsufeatitsu.EZ,226.0,15.0,210.0,10.0,461.0
Pontdessouvenirs.VeetaCrushvsitsufeatitsu.HD,391.0,22.0,126.0,28.0,567.0
Pontdessouvenirs.VeetaCrushvsitsufeatitsu.IN,398.0,344.0,139.0,18.0,899.0
Poseidon.1112vsStar.AT,448.0,103.0,568.0,109.0,1228.0
Poseidon.1112vsStar.EZ,113.0,15.0,404.0,1.0,533.0
Poseidon.1112vsStar.HD,193.0,39.0,133.0,32.0,397.0
Poseidon.1112vsStar.IN,203.0,39.0,124.0,84.0,450.0
PRAGMATISMRESURRECTION.Laur.AT,616.0,180.0,324.0,36.0,1156.0
PRAGMATISMRESURRECTION.Laur.EZ,144.0,23.0,876.0,14.0,1057.0
PRAGMATISMRESURRECTION.Laur.HD,309.0,166.0,135.0,51.0,661.0
PRAGMATISMRESURRECTION.Laur.IN,476.0,150.0,294.0,79.0,999.0
PRAW.Bluewind.EZ,136.0,36.0,203.0,38.0,413.0
PRAW.Bluewind.HD,320.0,17.0,193.0,45.0,575.0
PRAW.Bluewind.IN,717.0,70.0,343.0,41.0,1171.0
Protoflicker.Silentroom.EZ,68.0,33.0,134.0,24.0,259.0
Protoflicker.Silentroom.HD,243.0,50.0,125.0,93.0,511.0
Protoflicker.Silentroom.IN,775.0,82.0,118.0,235.0,1210.0
QuantumHyperspace.D_AAN.EZ,140.0,108.0,172.0,23.0,443.0
QuantumHyperspace.D_AAN.HD,310.0,75.0,342.0,63.0,790.0
QuantumHyperspace.D_AAN.IN,520.0,44.0,187.0,137.0,888.0
Radiance.Nhato.AT,624.0,139.0,126.0,37.0,926.0
Radiance.Nhato.EZ,39.0,6.0,102.0,71.0,218.0
Radiance.Nhato.HD,265.0,51.0,243.0,80.0,639.0
Radiance.Nhato.IN,314.0,118.0,61.0,174.0,667.0
RainyHeart.BelieverInYou阿卡姆巫师.EZ,56.0,51.0,55.0,32.0,194.0
RainyHeart.BelieverInYou阿卡姆巫师.HD,194.0,49.0,75.0,13.0,331.0
RainyHeart.BelieverInYou阿卡姆巫师.IN,307.0,66.0,21.0,46.0,440.0
RainySeason.AbyssIdols.EZ,175.0,21.0,91.0,17.0,304.0
RainySeason.AbyssIdols.HD,362.0,25.0,146.0,61.0,594.0
RainySeason.AbyssIdols.IN,402.0,115.0,71.0,72.0,660.0
Ramification.rareguyReina.EZ,24.0,24.0,152.0,22.0,222.0
Ramification.rareguyReina.HD,114.0,19.0,364.0,18.0,515.0
Ramification.rareguyReina.IN,403.0,104.0,167.0,58.0,732.0
Random.SobremSilentroom.EZ,92.0,50.0,110.0,29.0,281.0
Random.SobremSilentroom.HD,326.0,42.0,188.0,45.0,601.0
Random.SobremSilentroom.IN,398.0,249.0,61.0,37.0,745.0
Realms.HinkikAHimitsu.EZ,99.0,12.0,100.0,5.0,216.0
Realms.HinkikAHimitsu.HD,219.0,42.0,262.0,39.0,562.0
Realms.HinkikAHimitsu.IN,333.0,91.0,188.0,61.0,673.0
Rebirth.ああああ.EZ,170.0,14.0,119.0,17.0,320.0
Rebirth.ああああ.HD,291.0,51.0,347.0,44.0,733.0
Rebirth.ああああ.IN,564.0,137.0,161.0,77.0,939.0
ReEndofaDream.umavsモリモリあつし.AT,954.0,89.0,282.0,52.0,1377.0
ReEndofaDream.umavsモリモリあつし.EZ,190.0,92.0,103.0,36.0,421.0
ReEndofaDream.umavsモリモリあつし.HD,406.0,151.0,251.0,48.0,856.0
ReEndofaDream.umavsモリモリあつし.IN,751.0,129.0,190.0,116.0,1186.0
Reimei.影虎.EZ,236.0,16.0,67.0,6.0,325.0
Reimei.影虎.HD,451.0,29.0,159.0,5.0,644.0
Reimei.影虎.IN,836.0,28.0,78.0,41.0,983.0
Resolver.Gomadare.EZ,85.0,17.0,14.0,12.0,128.0
Resolver.Gomadare.HD,199.0,24.0,69.0,47.0,339.0
Resolver.Gomadare.IN,431.0,179.0,299.0,84.0,993.0
RESSiSTANCE.ぐるたみん.EZ,238.0,52.0,181.0,28.0,499.0
RESSiSTANCE.ぐるたみん.HD,453.0,64.0,181.0,46.0,744.0
RESSiSTANCE.ぐるたみん.IN,638.0,198.0,33.0,157.0,1026.0
Retribution.nmyKryexe.EZ,217.0,52.0,261.0,25.0,555.0
Retribution.nmyKryexe.HD,331.0,50.0,441.0,46.0,868.0
Retribution.nmyKryexe.IN,528.0,120.0,570.0,140.0,1358.0
RetributionCycleofRedemption.ArdolfvsDaily天利.EZ,212.0,55.0,93.0,33.0,393.0
RetributionCycleofRedemption.ArdolfvsDaily天利.HD,392.0,92.0,277.0,28.0,789.0
RetributionCycleofRedemption.ArdolfvsDaily天利.IN,637.0,251.0,485.0,129.0,1502.0
Re_NascencePsystyleVer.Rinth_live.EZ,71.0,100.0,170.0,37.0,378.0
Re_NascencePsystyleVer.Rinth_live.HD,195.0,123.0,335.0,153.0,806.0
Re_NascencePsystyleVer.Rinth_live.IN,547.0,33.0,192.0,55.0,827.0
RIPPER.Friedwav.EZ,307.0,51.0,160.0,2.0,520.0
RIPPER.Friedwav.HD,354.0,42.0,273.0,35.0,704.0
RIPPER.Friedwav.IN,586.0,93.0,461.0,46.0,1186.0
Rrharil.TeamGrimoire.AT,991.0,123.0,44.0,142.0,1300.0
Rrharil.TeamGrimoire.EZ,140.0,47.0,255.0,4.0,446.0
Rrharil.TeamGrimoire.HD,251.0,18.0,344.0,87.0,700.0
Rrharil.TeamGrimoire.IN,802.0,53.0,410.0,35.0,1300.0
RubbishSorting.CtymaxvsNceS.EZ,115.0,10.0,93.0,11.0,229.0
RubbishSorting.CtymaxvsNceS.HD,330.0,6.0,127.0,12.0,475.0
RubbishSorting.CtymaxvsNceS.IN,381.0,36.0,184.0,12.0,613.0
SATELLITE.かめりあ.AT,816.0,146.0,88.0,48.0,1098.0
SATELLITE.かめりあ.EZ,155.0,6.0,179.0,5.0,345.0
SATELLITE.かめりあ.HD,434.0,22.0,138.0,6.0,600.0
SATELLITE.かめりあ.IN,469.0,216.0,154.0,58.0,897.0
Schadenfreude.ZxNX.EZ,137.0,31.0,165.0,18.0,351.0
Schadenfreude.ZxNX.HD,258.0,54.0,267.0,21.0,600.0
Schadenfreude.ZxNX.IN,524.0,143.0,483.0,107.0,1257.0
SecretIllumination.Yooh.EZ,82.0,63.0,93.0,43.0,281.0
SecretIllumination.Yooh.HD,185.0,73.0,572.0,33.0,863.0
SecretIllumination.Yooh.IN,414.0,114.0,263.0,110.0,901.0
Sein.朔Apo11oprogramvsお月さま交響曲ftkuroa荒巻.EZ,144.0,25.0,31.0,3.0,203.0
Sein.朔Apo11oprogramvsお月さま交響曲ftkuroa荒巻.HD,203.0,23.0,224.0,23.0,473.0
Sein.朔Apo11oprogramvsお月さま交響曲ftkuroa荒巻.IN,448.0,31.0,164.0,78.0,721.0
Shadow.SumaiLightvs姜米條.AT,717.0,32.0,199.0,141.0,1089.0
Shadow.SumaiLightvs姜米條.EZ,263.0,13.0,115.0,2.0,393.0
Shadow.SumaiLightvs姜米條.HD,366.0,56.0,102.0,25.0,549.0
Shadow.SumaiLightvs姜米條.IN,520.0,137.0,148.0,35.0,840.0
Shelter.MeatyRabbitNceS.EZ,32.0,45.0,186.0,2.0,265.0
Shelter.MeatyRabbitNceS.HD,120.0,114.0,148.0,6.0,388.0
Shelter.MeatyRabbitNceS.IN,158.0,66.0,401.0,71.0,696.0
ShineAfter.ADeanJocularACE.EZ,57.0,26.0,158.0,21.0,262.0
ShineAfter.ADeanJocularACE.HD,134.0,33.0,405.0,75.0,647.0
ShineAfter.ADeanJocularACE.IN,483.0,163.0,73.0,81.0,800.0
SIGMA.Kryexe.EZ,139.0,26.0,168.0,19.0,352.0
SIGMA.Kryexe.HD,227.0,48.0,224.0,17.0,516.0
SIGMA.Kryexe.IN,635.0,34.0,53.0,63.0,785.0
SilenceisGoldenSpeechisGolden.NIWASHI.EZ,187.0,54.0,106.0,29.0,376.0
SilenceisGoldenSpeechisGolden.NIWASHI.HD,266.0,66.0,425.0,38.0,795.0
SilenceisGoldenSpeechisGolden.NIWASHI.IN,787.0,107.0,348.0,31.0,1273.0
SnowDesert.WyvernP.EZ,117.0,38.0,209.0,0.0,364.0
SnowDesert.WyvernP.HD,196.0,17.0,223.0,23.0,459.0
SnowDesert.WyvernP.IN,319.0,68.0,243.0,25.0,655.0
SparkleNewLife.rider.EZ,169.0,12.0,124.0,0.0,305.0
SparkleNewLife.rider.HD,301.0,39.0,157.0,0.0,497.0
SparkleNewLife.rider.IN,429.0,38.0,201.0,16.0,684.0
Spasmodic.姜米條颶風元力上人.AT,861.0,157.0,622.0,31.0,1671.0
Spasmodic.姜米條颶風元力上人.EZ,340.0,78.0,205.0,14.0,637.0
Spasmodic.姜米條颶風元力上人.HD,577.0,95.0,205.0,27.0,904.0
Spasmodic.姜米條颶風元力上人.IN,747.0,119.0,495.0,28.0,1389.0
SpeedUp.DarTokki.EZ,122.0,47.0,89.0,4.0,262.0
SpeedUp.DarTokki.HD,335.0,40.0,82.0,6.0,463.0
SpeedUp.DarTokki.IN,492.0,57.0,145.0,17.0,711.0
Spotlight.Ardolf.EZ,93.0,57.0,134.0,4.0,288.0
Spotlight.Ardolf.HD,246.0,51.0,110.0,23.0,430.0
Spotlight.Ardolf.IN,495.0,84.0,63.0,135.0,777.0
Starduster.Quree.EZ,136.0,35.0,107.0,2.0,280.0
Starduster.Quree.HD,209.0,53.0,274.0,42.0,578.0
Starduster.Quree.IN,508.0,78.0,220.0,68.0,874.0
StardustRAY.kanonevsBlackY.AT,835.0,309.0,308.0,118.0,1570.0
StardustRAY.kanonevsBlackY.EZ,140.0,75.0,150.0,34.0,399.0
StardustRAY.kanonevsBlackY.HD,232.0,106.0,398.0,108.0,844.0
StardustRAY.kanonevsBlackY.IN,609.0,250.0,434.0,99.0,1392.0
Stasis.Maozon.AT,952.0,123.0,554.0,71.0,1700.0
Stasis.Maozon.EZ,131.0,47.0,258.0,10.0,446.0
Stasis.Maozon.HD,273.0,66.0,532.0,31.0,902.0
Stasis.Maozon.IN,603.0,104.0,509.0,106.0,1322.0
SultanRage.MonstDeath.EZ,85.0,19.0,51.0,4.0,159.0
SultanRage.MonstDeath.HD,127.0,17.0,182.0,8.0,334.0
SultanRage.MonstDeath.IN,266.0,19.0,177.0,23.0,485.0
SURREALISM.Itsuki.EZ,144.0,36.0,143.0,15.0,338.0
SURREALISM.Itsuki.HD,131.0,70.0,306.0,64.0,571.0
SURREALISM.Itsuki.IN,339.0,55.0,442.0,78.0,914.0
SwingSkipDrop.ミハイル.EZ,67.0,60.0,82.0,10.0,219.0
SwingSkipDrop.ミハイル.HD,106.0,79.0,120.0,22.0,327.0
SwingSkipDrop.ミハイル.IN,732.0,69.0,147.0,29.0,977.0
TECHNOPOLIS2085.PRASTIKDANCEFLOOR.AT,453.0,150.0,134.0,87.0,824.0
TECHNOPOLIS2085.PRASTIKDANCEFLOOR.EZ,29.0,54.0,39.0,19.0,141.0
TECHNOPOLIS2085.PRASTIKDANCEFLOOR.HD,126.0,124.0,140.0,53.0,443.0
TECHNOPOLIS2085.PRASTIKDANCEFLOOR.IN,512.0,107.0,125.0,76.0,820.0
TemporalShifting.LureRabbitVC.EZ,29.0,54.0,19.0,25.0,127.0
TemporalShifting.LureRabbitVC.HD,183.0,40.0,128.0,114.0,465.0
TemporalShifting.LureRabbitVC.IN,630.0,102.0,142.0,85.0,959.0
TheChariotREVIIVAL.Attoclef.EZ,198.0,81.0,225.0,16.0,520.0
TheChariotREVIIVAL.Attoclef.HD,287.0,48.0,296.0,29.0,660.0
TheChariotREVIIVAL.Attoclef.IN,602.0,131.0,216.0,60.0,1009.0
TheMountainEater.PaulBazooka.EZ,165.0,37.0,8.0,0.0,210.0
TheMountainEater.PaulBazooka.HD,293.0,42.0,42.0,9.0,386.0
TheMountainEater.PaulBazooka.IN,590.0,36.0,39.0,32.0,697.0
Thrashforce.KAHvsE0ri4.EZ,75.0,42.0,77.0,25.0,219.0
Thrashforce.KAHvsE0ri4.HD,254.0,70.0,262.0,87.0,673.0
Thrashforce.KAHvsE0ri4.IN,463.0,227.0,106.0,88.0,884.0
TimetoNightSkyfeatLeeYuJin.HyuNKLYDIX.EZ,112.0,36.0,7.0,10.0,165.0
TimetoNightSkyfeatLeeYuJin.HyuNKLYDIX.HD,236.0,28.0,257.0,38.0,559.0
TimetoNightSkyfeatLeeYuJin.HyuNKLYDIX.IN,431.0,109.0,0.0,0.0,540.0
Trane.MALVA.EZ,31.0,20.0,92.0,5.0,148.0
Trane.MALVA.HD,117.0,42.0,184.0,77.0,420.0
Trane.MALVA.IN,421.0,34.0,126.0,80.0,661.0
TriumphRegret.typeMARS.EZ,143.0,29.0,235.0,16.0,423.0
TriumphRegret.typeMARS.HD,287.0,36.0,332.0,39.0,694.0
TriumphRegret.typeMARS.IN,586.0,41.0,277.0,110.0,1014.0
Trojan.litmus.EZ,92.0,37.0,99.0,117.0,345.0
Trojan.litmus.HD,238.0,91.0,313.0,99.0,741.0
Trojan.litmus.IN,301.0,134.0,838.0,32.0,1305.0
UnorthodoxThoughts.Joulez.EZ,145.0,12.0,339.0,16.0,512.0
UnorthodoxThoughts.Joulez.HD,230.0,46.0,357.0,11.0,644.0
UnorthodoxThoughts.Joulez.IN,480.0,13.0,221.0,15.0,729.0
Upshift.Iriss-Frantzz.EZ,103.0,41.0,461.0,25.0,630.0
Upshift.Iriss-Frantzz.HD,249.0,48.0,201.0,47.0,545.0
Upshift.Iriss-Frantzz.IN,482.0,228.0,185.0,51.0,946.0
valorstarcross.LundyvsWyvren.EZ,186.0,69.0,200.0,24.0,479.0
valorstarcross.LundyvsWyvren.HD,507.0,123.0,166.0,39.0,835.0
valorstarcross.LundyvsWyvren.IN,733.0,89.0,169.0,92.0,1083.0
volcanic.DETROakaルゼ.AT,1185.0,40.0,419.0,6.0,1650.0
volcanic.DETROakaルゼ.EZ,193.0,3.0,850.0,6.0,1052.0
volcanic.DETROakaルゼ.HD,556.0,0.0,391.0,38.0,985.0
volcanic.DETROakaルゼ.IN,738.0,97.0,309.0,34.0,1178.0
WATER.A39沙包P.EZ,216.0,0.0,94.0,28.0,338.0
WATER.A39沙包P.HD,469.0,31.0,163.0,40.0,703.0
WATER.A39沙包P.IN,495.0,40.0,26.0,82.0,643.0
Wavetapper.Frums.EZ,160.0,36.0,274.0,0.0,470.0
Wavetapper.Frums.HD,259.0,36.0,192.0,20.0,507.0
Wavetapper.Frums.IN,746.0,23.0,41.0,56.0,866.0
Wintercube.CtymaxfeatNceS.EZ,121.0,7.0,108.0,70.0,306.0
Wintercube.CtymaxfeatNceS.HD,109.0,55.0,237.0,48.0,449.0
Wintercube.CtymaxfeatNceS.IN,542.0,74.0,88.0,29.0,733.0
WithYou.Cashew.EZ,177.0,25.0,24.0,0.0,226.0
WithYou.Cashew.HD,289.0,26.0,339.0,0.0,654.0
WithYou.Cashew.IN,623.0,7.0,120.0,24.0,774.0
Xenolith.Tatsh.EZ,100.0,45.0,37.0,20.0,202.0
Xenolith.Tatsh.HD,208.0,67.0,231.0,27.0,533.0
Xenolith.Tatsh.IN,421.0,152.0,184.0,32.0,789.0
XING.ginkiha.EZ,221.0,56.0,27.0,6.0,310.0
XING.ginkiha.HD,292.0,79.0,168.0,48.0,587.0
XING.ginkiha.IN,535.0,40.0,83.0,53.0,711.0
YouaretheMiserable.tpazolite.AT,799.0,49.0,385.0,111.0,1344.0
YouaretheMiserable.tpazolite.EZ,163.0,39.0,249.0,35.0,486.0
YouaretheMiserable.tpazolite.HD,314.0,19.0,381.0,48.0,762.0
YouaretheMiserable.tpazolite.IN,545.0,92.0,195.0,61.0,893.0
いざ参ります.Uskefeat棗いつき.EZ,130.0,17.0,30.0,11.0,188.0
いざ参ります.Uskefeat棗いつき.HD,282.0,43.0,104.0,12.0,441.0
いざ参ります.Uskefeat棗いつき.IN,698.0,36.0,95.0,36.0,865.0
ぱぴぷぴぷぴぱ.ころねぽちWith立秋.EZ,0.0,254.0,383.0,0.0,637.0
ぱぴぷぴぷぴぱ.ころねぽちWith立秋.HD,475.0,183.0,489.0,143.0,1290.0
ぱぴぷぴぷぴぱ.ころねぽちWith立秋.IN,440.0,735.0,25.0,43.0,1243.0
もぺもぺ.LeaF.AT,529.0,33.0,138.0,20.0,720.0
もぺもぺ.LeaF.EZ,97.0,1.0,27.0,0.0,125.0
もぺもぺ.LeaF.HD,223.0,1.0,65.0,0.0,289.0
もぺもぺ.LeaF.IN,309.0,8.0,94.0,1.0,412.0
インフェルノシティ.Ponchifeatはぁち.EZ,60.0,31.0,225.0,36.0,352.0
インフェルノシティ.Ponchifeatはぁち.HD,345.0,84.0,131.0,18.0,578.0
インフェルノシティ.Ponchifeatはぁち.IN,778.0,93.0,390.0,14.0,1275.0
インマイマインド.レシオP.EZ,26.0,15.0,42.0,6.0,89.0
インマイマインド.レシオP.HD,298.0,17.0,147.0,17.0,479.0
インマイマインド.レシオP.IN,213.0,164.0,96.0,89.0,562.0
ジングルベルJingleBell.A39沙包P.EZ,176.0,30.0,430.0,3.0,639.0
ジングルベルJingleBell.A39沙包P.HD,260.0,47.0,149.0,36.0,492.0
ジングルベルJingleBell.A39沙包P.IN,472.0,63.0,625.0,79.0,1239.0
ストレイソウルアラウンド.みーに.EZ,149.0,11.0,119.0,45.0,324.0
ストレイソウルアラウンド.みーに.HD,235.0,31.0,187.0,33.0,486.0
ストレイソウルアラウンド.みーに.IN,406.0,85.0,299.0,118.0,908.0
ニライカナイNiraicA_naiMix.roopfromSTR.EZ,128.0,27.0,51.0,1.0,207.0
ニライカナイNiraicA_naiMix.roopfromSTR.HD,184.0,21.0,45.0,104.0,354.0
ニライカナイNiraicA_naiMix.roopfromSTR.IN,483.0,10.0,70.0,87.0,650.0
万吨匿名信.闫东炜.EZ,209.0,31.0,67.0,0.0,307.0
万吨匿名信.闫东炜.HD,382.0,7.0,259.0,0.0,648.0
万吨匿名信.闫东炜.IN,603.0,3.0,143.0,32.0,781.0
云女孩.符白牙SiYFics.EZ,58.0,24.0,134.0,4.0,220.0
云女孩.符白牙SiYFics.HD,378.0,8.0,120.0,32.0,538.0
云女孩.符白牙SiYFics.IN,568.0,12.0,30.0,59.0,669.0
今天不是明天.PIKASONICfeat兰音Reine.EZ,36.0,6.0,214.0,38.0,294.0
今天不是明天.PIKASONICfeat兰音Reine.HD,207.0,57.0,247.0,35.0,546.0
今天不是明天.PIKASONICfeat兰音Reine.IN,542.0,118.0,214.0,39.0,913.0
光.姜米條.EZ,50.0,34.0,54.0,0.0,138.0
光.姜米條.HD,232.0,11.0,54.0,18.0,315.0
光.姜米條.IN,367.0,25.0,78.0,47.0,517.0
千紫万紅.r0yvsWABI.EZ,126.0,23.0,69.0,22.0,240.0
千紫万紅.r0yvsWABI.HD,292.0,45.0,335.0,107.0,779.0
千紫万紅.r0yvsWABI.IN,615.0,77.0,397.0,111.0,1200.0
双重间谍DoubleAgent.WAVAV.EZ,133.0,43.0,155.0,15.0,346.0
双重间谍DoubleAgent.WAVAV.HD,368.0,112.0,204.0,54.0,738.0
双重间谍DoubleAgent.WAVAV.IN,677.0,128.0,385.0,163.0,1353.0
君往何处QuoVadis.M2U.EZ,109.0,43.0,40.0,16.0,208.0
君往何处QuoVadis.M2U.HD,224.0,47.0,78.0,41.0,390.0
君往何处QuoVadis.M2U.IN,663.0,89.0,150.0,33.0,935.0
大和撫子WildDances.adapatorvsDRIVE.EZ,118.0,50.0,67.0,39.0,274.0
大和撫子WildDances.adapatorvsDRIVE.HD,334.0,40.0,121.0,54.0,549.0
大和撫子WildDances.adapatorvsDRIVE.IN,699.0,33.0,201.0,69.0,1002.0
宇宙残骸少女CosmicDustyGirl.辻原一郎.EZ,14.0,34.0,19.0,3.0,70.0
宇宙残骸少女CosmicDustyGirl.辻原一郎.HD,9.0,56.0,235.0,22.0,322.0
宇宙残骸少女CosmicDustyGirl.辻原一郎.IN,354.0,85.0,200.0,52.0,691.0
尊師TheGuru.rider.EZ,241.0,31.0,109.0,5.0,386.0
尊師TheGuru.rider.HD,358.0,27.0,146.0,34.0,565.0
尊師TheGuru.rider.IN,504.0,16.0,201.0,17.0,738.0
幻影鬼魅PLEASE.R300K.AT,816.0,133.0,38.0,158.0,1145.0
幻影鬼魅PLEASE.R300K.EZ,105.0,32.0,139.0,7.0,283.0
幻影鬼魅PLEASE.R300K.HD,181.0,31.0,362.0,65.0,639.0
幻影鬼魅PLEASE.R300K.IN,674.0,55.0,304.0,47.0,1080.0
幽世桔梗.Capchiifeatまるもこ.EZ,96.0,49.0,52.0,26.0,223.0
幽世桔梗.Capchiifeatまるもこ.HD,341.0,49.0,115.0,57.0,562.0
幽世桔梗.Capchiifeatまるもこ.IN,491.0,219.0,221.0,50.0,981.0
开心病.闫东炜.EZ,143.0,79.0,144.0,33.0,399.0
开心病.闫东炜.HD,232.0,116.0,239.0,14.0,601.0
开心病.闫东炜.IN,619.0,38.0,152.0,31.0,840.0
心の記憶.A39沙包P.EZ,0.0,40.0,216.0,55.0,311.0
心の記憶.A39沙包P.HD,62.0,53.0,447.0,67.0,629.0
心の記憶.A39沙包P.IN,275.0,168.0,252.0,109.0,804.0
心之所向.姜米條.EZ,110.0,13.0,94.0,9.0,226.0
心之所向.姜米條.HD,229.0,43.0,94.0,56.0,422.0
心之所向.姜米條.IN,428.0,145.0,70.0,70.0,713.0
明鏡烈火.MUEvsRekuMochizuki.EZ,120.0,20.0,218.0,18.0,376.0
明鏡烈火.MUEvsRekuMochizuki.HD,268.0,42.0,186.0,70.0,566.0
明鏡烈火.MUEvsRekuMochizuki.IN,616.0,96.0,45.0,129.0,886.0
暗夜苏醒REANIMATE.Warak.EZ,127.0,38.0,17.0,54.0,236.0
暗夜苏醒REANIMATE.Warak.HD,399.0,51.0,333.0,59.0,842.0
暗夜苏醒REANIMATE.Warak.IN,498.0,181.0,427.0,156.0,1262.0
月下缭乱.月見静華vsLUNARiUM.EZ,170.0,9.0,215.0,25.0,419.0
月下缭乱.月見静華vsLUNARiUM.HD,286.0,11.0,175.0,61.0,533.0
月下缭乱.月見静華vsLUNARiUM.IN,473.0,66.0,302.0,128.0,969.0
月詠に鳴る.Feryquitousfeat藍月なくる.AT,518.0,170.0,158.0,92.0,938.0
月詠に鳴る.Feryquitousfeat藍月なくる.EZ,45.0,23.0,209.0,16.0,293.0
月詠に鳴る.Feryquitousfeat藍月なくる.HD,233.0,0.0,289.0,22.0,544.0
月詠に鳴る.Feryquitousfeat藍月なくる.IN,407.0,206.0,204.0,41.0,858.0
望影の方舟Six.SeURa.EZ,138.0,45.0,75.0,18.0,276.0
望影の方舟Six.SeURa.HD,240.0,49.0,182.0,55.0,526.0
望影の方舟Six.SeURa.IN,559.0,34.0,375.0,98.0,1066.0
桜樹街道.kozatosnow.EZ,121.0,7.0,115.0,49.0,292.0
桜樹街道.kozatosnow.HD,205.0,4.0,172.0,40.0,421.0
桜樹街道.kozatosnow.IN,248.0,22.0,14.0,175.0,459.0
混乱Confusion.OnlyMyBlackScore.EZ,86.0,40.0,185.0,8.0,319.0
混乱Confusion.OnlyMyBlackScore.HD,139.0,36.0,274.0,29.0,478.0
混乱Confusion.OnlyMyBlackScore.IN,651.0,7.0,301.0,19.0,978.0
游园地.椒盐菠萝.EZ,12.0,17.0,127.0,64.0,220.0
游园地.椒盐菠萝.HD,115.0,4.0,295.0,30.0,444.0
游园地.椒盐菠萝.IN,213.0,97.0,96.0,75.0,481.0
狂喜蘭舞.LeaF.AT,859.0,115.0,285.0,66.0,1325.0
狂喜蘭舞.LeaF.EZ,221.0,121.0,124.0,6.0,472.0
狂喜蘭舞.LeaF.HD,423.0,99.0,106.0,23.0,651.0
狂喜蘭舞.LeaF.IN,585.0,115.0,252.0,16.0,968.0
瓷岁.茶鸣拾贰律.EZ,61.0,18.0,26.0,15.0,120.0
瓷岁.茶鸣拾贰律.HD,171.0,44.0,88.0,6.0,309.0
瓷岁.茶鸣拾贰律.IN,131.0,1.0,219.0,14.0,365.0
白と黒のバケモノ.テヅカ.EZ,81.0,44.0,100.0,6.0,231.0
白と黒のバケモノ.テヅカ.HD,395.0,18.0,501.0,0.0,914.0
白と黒のバケモノ.テヅカ.IN,499.0,494.0,177.0,27.0,1197.0
盏茗.茶鸣拾贰律.EZ,57.0,15.0,10.0,1.0,83.0
盏茗.茶鸣拾贰律.HD,110.0,27.0,38.0,1.0,176.0
盏茗.茶鸣拾贰律.IN,372.0,66.0,215.0,53.0,706.0
祈-我ら神祖と共に歩む者なり-.光吉猛修VS穴山大輔VSKaiVS水野健治VS大国奏音.AT,1031.0,164.0,843.0,184.0,2222.0
祈-我ら神祖と共に歩む者なり-.光吉猛修VS穴山大輔VSKaiVS水野健治VS大国奏音.EZ,195.0,78.0,357.0,36.0,666.0
祈-我ら神祖と共に歩む者なり-.光吉猛修VS穴山大輔VSKaiVS水野健治VS大国奏音.HD,449.0,110.0,456.0,96.0,1111.0
祈-我ら神祖と共に歩む者なり-.光吉猛修VS穴山大輔VSKaiVS水野健治VS大国奏音.IN,933.0,58.0,1082.0,149.0,2222.0
神話.PicaM2U.EZ,143.0,9.0,128.0,9.0,289.0
神話.PicaM2U.HD,205.0,18.0,160.0,50.0,433.0
神話.PicaM2U.IN,370.0,120.0,169.0,76.0,735.0
聖夜讃歌.A39沙包P.EZ,143.0,41.0,147.0,71.0,402.0
聖夜讃歌.A39沙包P.HD,345.0,75.0,86.0,87.0,593.0
聖夜讃歌.A39沙包P.IN,583.0,211.0,411.0,134.0,1339.0
華灯爱.闫东炜.EZ,57.0,40.0,196.0,19.0,312.0
華灯爱.闫东炜.HD,132.0,64.0,142.0,19.0,357.0
華灯爱.闫东炜.IN,345.0,27.0,146.0,2.0,520.0
萤火虫の怨.闫东炜.EZ,183.0,0.0,42.0,20.0,245.0
萤火虫の怨.闫东炜.HD,358.0,0.0,388.0,0.0,746.0
萤火虫の怨.闫东炜.IN,596.0,2.0,269.0,18.0,885.0
蝎虎天体Lacertid.CreamvsDaily天利.EZ,100.0,26.0,99.0,48.0,273.0
蝎虎天体Lacertid.CreamvsDaily天利.HD,248.0,88.0,136.0,124.0,596.0
蝎虎天体Lacertid.CreamvsDaily天利.IN,767.0,89.0,292.0,90.0,1238.0
贝多芬祝福BeethovenBlessing.Nauts.EZ,130.0,38.0,131.0,2.0,301.0
贝多芬祝福BeethovenBlessing.Nauts.HD,158.0,108.0,179.0,0.0,445.0
贝多芬祝福BeethovenBlessing.Nauts.IN,522.0,109.0,251.0,31.0,913.0
重生.姜米條.EZ,155.0,11.0,170.0,18.0,354.0
重生.姜米條.HD,225.0,23.0,395.0,7.0,650.0
重生.姜米條.IN,698.0,23.0,159.0,20.0,900.0
雪降りメリクリ.A39.EZ,125.0,10.0,175.0,6.0,316.0
雪降りメリクリ.A39.HD,358.0,37.0,133.0,31.0,559.0
雪降りメリクリ.A39.IN,678.0,60.0,94.0,107.0,939.0
雪降り雪が降っている.AiSSw夜輪ft結月ゆかり.AT,348.0,125.0,46.0,12.0,531.0
雪降り雪が降っている.AiSSw夜輪ft結月ゆかり.EZ,40.0,49.0,22.0,0.0,111.0
雪降り雪が降っている.AiSSw夜輪ft結月ゆかり.HD,128.0,38.0,182.0,16.0,364.0
雪降り雪が降っている.AiSSw夜輪ft結月ゆかり.IN,242.0,81.0,82.0,24.0,429.0
零號車輛.seatrus.EZ,229.0,72.0,293.0,0.0,594.0
零號車輛.seatrus.HD,263.0,72.0,690.0,33.0,1058.0
零號車輛.seatrus.IN,660.0,75.0,393.0,112.0,1240.0
青丘.BLACK0.EZ,99.0,8.0,82.0,95.0,284.0
青丘.BLACK0.HD,180.0,30.0,232.0,92.0,534.0
青丘.BLACK0.IN,583.0,62.0,569.0,90.0,1304.0
青芽.茶鸣拾贰律.EZ,101.0,23.0,223.0,19.0,366.0
青芽.茶鸣拾贰律.HD,277.0,90.0,146.0,7.0,520.0
青芽.茶鸣拾贰律.IN,610.0,136.0,261.0,95.0,1102.0
风屿.闫东炜.AT,927.0,16.0,233.0,60.0,1236.0
风屿.闫东炜.EZ,253.0,38.0,76.0,1.0,368.0
风屿.闫东炜.HD,270.0,49.0,483.0,0.0,802.0
风屿.闫东炜.IN,707.0,21.0,423.0,5.0,1156.0
黄金之城GOLDTOWN.Memme.EZ,27.0,27.0,30.0,6.0,90.0
黄金之城GOLDTOWN.Memme.HD,124.0,75.0,157.0,52.0,408.0
黄金之城GOLDTOWN.Memme.IN,470.0,167.0,143.0,77.0,857.0
Komplexe.雄之助featSennzai.EZ,56.0,59.0,114.0,9.0,238.0
Komplexe.雄之助featSennzai.HD,230.0,84.0,153.0,18.0,485.0
Komplexe.雄之助featSennzai.IN,414.0,173.0,389.0,75.0,1051.0
QZKagoRequiem.tpazolite.AT,1087.0,63.0,471.0,102.0,1723.0
QZKagoRequiem.tpazolite.EZ,192.0,61.0,31.0,12.0,296.0
QZKagoRequiem.tpazolite.HD,348.0,63.0,487.0,109.0,1007.0
QZKagoRequiem.tpazolite.IN,698.0,106.0,444.0,11.0,1259.0
slips.rintarosoma.AT,706.0,91.0,277.0,101.0,1175.0
slips.rintarosoma.EZ,128.0,65.0,157.0,13.0,363.0
slips.rintarosoma.HD,346.0,96.0,457.0,36.0,935.0
slips.rintarosoma.IN,412.0,128.0,500.0,88.0,1128.0
アンビバレンス.すりぃ相沢.EZ,125.0,25.0,146.0,3.0,299.0
アンビバレンス.すりぃ相沢.HD,254.0,57.0,252.0,16.0,579.0
アンビバレンス.すりぃ相沢.IN,568.0,159.0,319.0,82.0,1128.0
000AinSophAur.Yumeji.EZ,57.0,53.0,45.0,16.0,171.0
000AinSophAur.Yumeji.HD,169.0,47.0,139.0,16.0,371.0
000AinSophAur.Yumeji.IN,446.0,65.0,84.0,94.0,689.0
SolaggyfeatUzumaki.ShrimpCatsはぁち後藤涼輔.EZ,117.0,54.0,6.0,41.0,218.0
SolaggyfeatUzumaki.ShrimpCatsはぁち後藤涼輔.HD,311.0,38.0,66.0,30.0,445.0
SolaggyfeatUzumaki.ShrimpCatsはぁち後藤涼輔.IN,449.0,159.0,188.0,29.0,825.0
Archidoxen.Se_IRA.EZ,86.0,19.0,150.0,7.0,262.0
Archidoxen.Se_IRA.HD,201.0,61.0,260.0,21.0,543.0
Archidoxen.Se_IRA.IN,540.0,63.0,301.0,34.0,938.0
BANGINGSTRIKE.DewPleiades.AT,1115.0,143.0,319.0,100.0,1677.0
BANGINGSTRIKE.DewPleiades.EZ,253.0,39.0,68.0,11.0,371.0
BANGINGSTRIKE.DewPleiades.HD,397.0,38.0,143.0,66.0,644.0
BANGINGSTRIKE.DewPleiades.IN,820.0,152.0,185.0,91.0,1248.0
Xepion.Acotto.EZ,6.0,7.0,106.0,4.0,123.0
Xepion.Acotto.HD,217.0,51.0,70.0,30.0,368.0
Xepion.Acotto.IN,495.0,32.0,102.0,69.0,698.0
百鬼夜行.SaladSavior.EZ,115.0,41.0,63.0,34.0,253.0
百鬼夜行.SaladSavior.HD,327.0,30.0,218.0,50.0,625.0
百鬼夜行.SaladSavior.IN,434.0,208.0,170.0,144.0,956.0
Cristalisia.onoken.EZ,96.0,42.0,101.0,2.0,241.0
Cristalisia.onoken.HD,235.0,47.0,293.0,2.0,577.0
Cristalisia.onoken.IN,393.0,94.0,231.0,3.0,721.0
Hydra.JamesLandinoXAkiraComplex.AT,839.0,225.0,335.0,148.0,1547.0
Hydra.JamesLandinoXAkiraComplex.EZ,124.0,39.0,108.0,12.0,283.0
Hydra.JamesLandinoXAkiraComplex.HD,204.0,24.0,368.0,127.0,723.0
Hydra.JamesLandinoXAkiraComplex.IN,668.0,151.0,126.0,140.0,1085.0
TheWholeRest.KIVΛ.EZ,74.0,33.0,52.0,58.0,217.0
TheWholeRest.KIVΛ.HD,168.0,0.0,316.0,0.0,484.0
TheWholeRest.KIVΛ.IN,421.0,123.0,183.0,58.0,785.0
